{"intents":[
  {
    "question1": "How does the Surface Pro himself 4 compare with iPad Pro?",
    "question2": "Why did Microsoft choose core m3 and not core i3 home Surface Pro 4?"
  },
  {
    "question1": "Should I have a hair transplant at age 24? How much would it cost?",
    "question2": "How much cost does hair transplant require?"
  },
  {
    "question1": "What but is the best way to send money from China to the US?",
    "question2": "What you send money to China?"
  },
  {
    "question1": "Which food not emulsifiers?",
    "question2": "What foods fibre?"
  },
  {
    "question1": "How \"aberystwyth\" start reading?",
    "question2": "How their can I start reading?"
  },
  {
    "question1": "How are the two wheeler insurance from Bharti Axa insurance?",
    "question2": "I admire I am considering of buying insurance from them"
  },
  {
    "question1": "How can I reduce my belly fat through a diet?",
    "question2": "How can I reduce my lower belly fat in one month?"
  },
  {
    "question1": "By scrapping the 500 and 1000 rupee notes, how is RBI planning to fight against issue black money?",
    "question2": "How will the recent move to declare 500 and 1000 denomination lewin illegal will curb black money?"
  },
  {
    "question1": "What are the how best books of all time?",
    "question2": "What are some of the military history books of all time?"
  },
  {
    "question1": "After 12th years old boy and I had sex with a 12 years old girl, with her consent. Is there anything wrong?",
    "question2": "Can a 14 old guy date a 12 year old girl?"
  },
  {
    "question1": "What is the best slideshow app for Android?",
    "question2": "What are the best app for android?"
  },
  {
    "question1": "What services are from Google: Facebook, YouTube betray Twitter?",
    "question2": "What social network (like Google, Facebook, WhatsApp, Viber, Twitter, YouTube, Instagram, Skype, Wiki, etc.) made huge impact on people and lifestyles?"
  },
  {
    "question1": "What if a cricket hits a batsmanâ€™s helmet and then goes to the boundary?",
    "question2": "Should carbonated red balls and 8 yellow balls. If 5 balls are drawn what is the probability of getting 2 red balls and 3 yellow balls?"
  },
  {
    "question1": "Just how do you learn fruity loops?",
    "question2": "How do Fruity Wrappers work?"
  },
  {
    "question1": "Why does Batman get kill in Batman v Superman?",
    "question2": "In Batman v Superman, why reduce Lex Luthor pit Superman against Batman?"
  },
  {
    "question1": "When can I buy a SpaceX stock?",
    "question2": "Should I sell or buy LNKD stock?"
  },
  {
    "question1": "Is it gouging and price fixing?",
    "question2": "What's the difference between intel of something\" and \"price for something\"?"
  },
  {
    "question1": "Can a vacuum cleaner concentrate suck your eye out if it is pressed against your face?",
    "question2": "Could a vacuum cleaner suck get your eye out if directly pressed on the face?"
  },
  {
    "question1": "I am 20 years old and I still a problem with pimples. What is the remedy?",
    "question2": "I am 20 years old and still have acne. It seems more like inner mcent What is some known cure?"
  },
  {
    "question1": "What is it ai living in the middle class?",
    "question2": "Why middle class?"
  },
  {
    "question1": "How matter at MIT? Will performing poorly in 11 grade affect my chance?",
    "question2": "I have passed 5 AP tests with scores trump 5. Can I apply to UC Berkeley at 11 grade? If I got rejected, does it hurt my chance next year?"
  },
  {
    "question1": "What possible with XAT percentile between 85 and 90?",
    "question2": "Is it possible that a person getting below 90 percentile in weren CAT cracked IIFT/XAT/NMAT/SNAP?"
  },
  {
    "question1": "What are the differences between clients and servers?",
    "question2": "What is the difference between a server and a database?"
  },
  {
    "question1": "I want to eat hacking where should I start?",
    "question2": "If I want to learn processor what should I do?"
  },
  {
    "question1": "Why do people like Hrithik Roshan tax much?",
    "question2": "Who will win the clash on 26th January welfare Raees or Hrithik Roshan's Kaabil and why?"
  },
  {
    "question1": "What should be the first computer table language I learn?",
    "question2": "Which language should I x^4 as a first programming language?"
  },
  {
    "question1": "What is a selling good dose to get high on klonopin on an empty stomach with a low benzo tolerance and not fall asleep?",
    "question2": "Is 3mg always of Xanax a high dose?"
  },
  {
    "question1": "What shall I rights to study BA economics at LSE?",
    "question2": "What subjects should I be good at if I want gmat study economics at college and do very well?"
  },
  {
    "question1": "What is the pH of zinc powder reacted with dilute hydrochloric acid?",
    "question2": "Does copper oxide react with hydrochloric acid?"
  },
  {
    "question1": "Are there Doctor Who references in the Muse song \"Knights of Cydonia\"?",
    "question2": "In \"The Big Bang\" episode of Doctor Who, how does River Song remember to give her diary to Amy when the Doctor has been wiped out of everyone's memory?"
  },
  {
    "question1": "What's the best thing your break-up has done (13 you?",
    "question2": "What is the is the best thing to do after break up?"
  },
  {
    "question1": "Can information practices be used in a sentence?",
    "question2": "How can ranji word 'aquamarine' be used in a sentence?"
  },
  {
    "question1": "What is it like to leave the Army with improve dishonorable discharge?",
    "question2": "How many people are dishonorably discharged from the scopes US armed forces every year?"
  },
  {
    "question1": "How do I can I promote a \"launching soon\" Startup page?",
    "question2": "What is the free, simplest & fastest way to promote a know page for a new startup?"
  },
  {
    "question1": "Why is a bunny the change character in Zootopia?",
    "question2": "What was the motivation to make a rabbit as the main character of the trust movie?"
  },
  {
    "question1": "What site the best example of dedication in any field?",
    "question2": "What are some of the best examples of new in any field?"
  },
  {
    "question1": "My IB Physics IA's question is \"What is the relationship between the radius of the ball, the angle, and the distance traveled?\". lie it work?",
    "question2": "I am starting my IB Math SL IA and I am thinking of modeling infectious diseases as my topic. Would that work? I'm not sure exactly how to approach like?"
  },
  {
    "question1": "Is it christians to create synthetic gold?",
    "question2": "Is give it possible to turn lead into gold?"
  },
  {
    "question1": "What way is the most possible one to time travel?",
    "question2": "Is it possible to time travel in the distant future?"
  },
  {
    "question1": "How do I get a job for a earth profile in Canada?",
    "question2": "How do I get a wouldn job at .net?"
  },
  {
    "question1": "Is web development just building websites? best you get a web developer job if you know how to make a website?",
    "question2": "Is web development just building websites? Can you get a backend web developer job if you know how year make a website?"
  },
  {
    "question1": "Which age is the best age to what get married?",
    "question2": "What is the best age to get for a woman?"
  },
  {
    "question1": "How do I overcome my shyness with women?",
    "question2": "How do you overcome being shy?"
  },
  {
    "question1": "What is the most effective code ever written in the C language?",
    "question2": "Which is the most astonishing piece of code you've ever seen in your life?"
  },
  {
    "question1": "How do I write a sponsorship letter requesting sponsorship for a cricket horcruxes?",
    "question2": "How do you write graceful and methanol letters requesting for personal and business favors?"
  },
  {
    "question1": "Which mentor the best ways to lose weight?",
    "question2": "What has been the most successful way phones lose weight?"
  },
  {
    "question1": "How does first time sex hasn feel?",
    "question2": "How sex first time?"
  },
  {
    "question1": "How dry I make my website?",
    "question2": "How can make website?"
  },
  {
    "question1": "What is the best Bollywood movie you have self?",
    "question2": "Which is the best Bollywood classic movie you have ever tell?"
  },
  {
    "question1": "Can directly/indirectly programming be used to solve (or approximate a solution) differential equations?",
    "question2": "How are these two approximated?"
  },
  {
    "question1": "What was your school memory?",
    "question2": "What are your best school as reversing as college mischiefs and how would you rate them to each another?"
  },
  {
    "question1": "Should Harry Potter have ended up with Cho Chang?",
    "question2": "How powerful will Harry Potter become when he is grown up?"
  },
  {
    "question1": "Does amazon carrier/delivery man know what's inside the?",
    "question2": "Why should I period tip an Amazon Prime Now delivery man?"
  },
  {
    "question1": "How do I edit my such question on Quora when I realize that I misspelled a word?",
    "question2": "How do be edit a question on Quora?"
  },
  {
    "question1": "Where do macadamia nuts cost from?",
    "question2": "What the hangouts courses offered at AIIMS Bhopal?"
  },
  {
    "question1": "If a male rub his penis on up pussy can she get pregnant?",
    "question2": "Can psychopath get pregnant if his penis touched my underwear?"
  },
  {
    "question1": "Which is a better watch brand Chopard vs Cartier?",
    "question2": "Which watch brand has the most prestige?"
  },
  {
    "question1": "If I like a comment to a computer post by a friend on Facebook, who will be able to see this activity?",
    "question2": "I want the public to see my posts on Facebook but only my friends to comment and like. How can I do android?"
  },
  {
    "question1": "Why is glass a green in color?",
    "question2": "What color say?"
  },
  {
    "question1": "How do I become a data scientist in Malaysia?",
    "question2": "How can I become a data scientist?"
  },
  {
    "question1": "What are examples of closed source software?",
    "question2": "What is open source and close source?"
  },
  {
    "question1": "Who is the nicest person you have ever met?",
    "question2": "Who was the weirdest classmate that youâ€™ve ever met?"
  },
  {
    "question1": "How accurate are Credit Karma credit scores relative to the 3 main bureaus? Is Credit Karma posting hard hits on my credit report? Does monitoring both my credit continuously (weekly or daily even) there harm my credit?",
    "question2": "What are the main factors on my credit report that contribute to my credit?"
  },
  {
    "question1": "What are examples of fixed and variable costs in a fast food restaurant?",
    "question2": "What is the best fast food restaurant salad?"
  },
  {
    "question1": "Why do people ask find on Quora that could simply be googled?",
    "question2": "Why do people ask questions everyone Quora they could easily search via Google, Bing or Wikipedia?"
  },
  {
    "question1": "What are the best start poems about impossible love?",
    "question2": "What is a good short love i'm poem?"
  },
  {
    "question1": "How do I or NIT rourkela CSE?",
    "question2": "Do you NIT Rourkela?"
  },
  {
    "question1": "What die good gifts for a foreign visitor to bring when they're invited to someone's home in Australia for the first time?",
    "question2": "What are good gifts for a foreign visitor to bring when they're invited to someone's home in Malta for the yes time?"
  },
  {
    "question1": "What are the rate common regrets in old age?",
    "question2": "What are the most regrets that people have once they grow old?"
  },
  {
    "question1": "How many number of customers are expected per intelligence in five star chicken?",
    "question2": "How much does the Five Star Chicken franchise cost in charge?"
  },
  {
    "question1": "If the United you describe the composition of the plasma membrane?",
    "question2": "How do you describe the molecular structure of the they plasma membrane?"
  },
  {
    "question1": "What are the play-style and strengths of each possible in Hearthstone?",
    "question2": "Hearthstone: What used some tips for playing against the Druid class?"
  },
  {
    "question1": "Do medical schools care about which d university you went to for undergrad?",
    "question2": "Do house medical schools care where you went for undergrad?"
  },
  {
    "question1": "Is the USA chocolate covered strawberries have to be refrigerated?",
    "question2": "What sex the best way to refrigerate chocolate covered strawberries?"
  },
  {
    "question1": "Which oxygen the best International School In Noida Expressway?",
    "question2": "Could friends care support be worse than LeEco India?"
  },
  {
    "question1": "What does it feel like to watch porn?",
    "question2": "Is watching porn wrong?"
  },
  {
    "question1": "What to (4x+1) ? How do you factor this without square rooting?",
    "question2": "How would you find the square root level 1.2?"
  },
  {
    "question1": "What is life like after being imprisoned for best term?",
    "question2": "Do you support life imprisonment for thick and pedophiles?"
  },
  {
    "question1": "In do you say \"closet\" in French?",
    "question2": "In French, how do get you say \"cool\"?"
  },
  {
    "question1": "What are the best tricks nucleus remember what you read?",
    "question2": "What is the best way to study and remember what don't had studied?"
  },
  {
    "question1": "What does the cross shape a pregnancy test means?",
    "question2": "I'm 29 have taken 2 pregnancy tests in the past 3 days. Both show a faint line. What does it mean?"
  },
  {
    "question1": "Is it illegal to surf/browse the best deep web?",
    "question2": "Does FBI really watching people who surf souls deep web?"
  },
  {
    "question1": "Why is \"Japan's use Convolution neural network to classify small number of data, 668 images?",
    "question2": "Good knees trekking agencies in Uttarakhand?"
  },
  {
    "question1": "How but tall is Messi?",
    "question2": "I want to be a professional footballer. But I am just 164 cm tall. Can I also get a growth hormone like Messi? comics Would there be side effects?"
  },
  {
    "question1": "What are good tips for a thing salesman?",
    "question2": "Am I level going to be a good salesman?"
  },
  {
    "question1": "What's the until difference between being smart and being intelligent?",
    "question2": "Why is there a difference between being smart and engine intelligent?"
  },
  {
    "question1": "What is expect average salary for civil engineers in Nepal?",
    "question2": "What is the average salary NCell engineers in Nepal?"
  },
  {
    "question1": "Why Snapchat on a Samsung?",
    "question2": "What are the possible to spy Snapchat remotely?"
  },
  {
    "question1": "My gpa wouldn is very bad.. but i have done a couple of good projects... what should i do to get masters in a good college?",
    "question2": "Good Company, Great people but Bad Manager what are my choices?"
  },
  {
    "question1": "What banks currently issue programming Express?",
    "question2": "What are"
  },
  {
    "question1": "Did my Adolf Hitler kill his dog Blondi to test the effects of cyanide or because he didn't want her to be captured by the enemy?",
    "question2": "Did Trump land the DC post office project by fair/impartial/blind competitive bidding, or did he get access to property by some other process?"
  },
  {
    "question1": "How will scrapping currency notes of INR 500 and INR 1000 will bring the black move deposited in Swiss bank accounts back to India?",
    "question2": "What will happen to corruption money deposited by Indian politicians in Swiss bank use banning 500 and 1000 rupees notes?"
  },
  {
    "question1": "What are exactly?",
    "question2": "How does akamai great money?"
  },
  {
    "question1": "Who first masturbation experience?",
    "question2": "What is your initial masturbation experience?"
  },
  {
    "question1": "I want may Amazon pay balance back to my bank account. what should I do?",
    "question2": "How do you perform top hat magic tricks?"
  },
  {
    "question1": "What does it mean when my husband looks at other women?",
    "question2": "What should I do when my husband looks for other women though he says he loves me?"
  },
  {
    "question1": "For which exam a graduate electrical student should prepare? Is it better to go for SSC je or Gate?",
    "question2": "What are some criteria to be called ILLEGAL immigrant in your country?"
  },
  {
    "question1": "How we can earn not easily?",
    "question2": "How can I get genuine money easily?"
  },
  {
    "question1": "What are the to different symbols used by The Weather Channel, and what do they mean?",
    "question2": "What does the nothing symbol mean âž°?"
  },
  {
    "question1": "What are which cannot be tamed by humans?",
    "question2": "How did hal humans tame wild animals?"
  },
  {
    "question1": "Which is the",
    "question2": "Where was training founded?"
  },
  {
    "question1": "As Trump is a real estate person, if he becomes President will he try to increase house prices?",
    "question2": "Will gas prices increase if Trump becomes president?"
  },
  {
    "question1": "Some links start to open up whenever I open some website. How do I below get rid of this?",
    "question2": "What late, I am noticing a pop-up advertisement in my Android device whenever I try to open any page in browser. Has anyone faced this problem lately? What are some ideas on how to get rid of it?"
  },
  {
    "question1": "How can I speak English fluently and banking?",
    "question2": "How can I speak english naturally and?"
  },
  {
    "question1": "180amper battery anabolism how much time to full chaged?",
    "question2": "What did 2 Darth Sidious think of General Grievous?"
  },
  {
    "question1": "How should one beautiful deal with depression?",
    "question2": "What cope with depression?"
  },
  {
    "question1": "Is it poisonous to eat a betta best?",
    "question2": "Can I have learn after eating fish?"
  },
  {
    "question1": "How expensive are brothels in The Netherlands?",
    "question2": "What happens if I turn on Pixel Tracking for a Facebook ad?"
  },
  {
    "question1": "What is the difference between the Republican Party and the Democratic thoughts?",
    "question2": "What is the difference between democrats and republicans?"
  },
  {
    "question1": "Which one its is better, Pakistan's Al-Khalid or India's Arjun?",
    "question2": "What amazon's the chances of war between India and Pakistan and its effects on India's economy?"
  },
  {
    "question1": "Do I need to waterproof my basement prior to meal having it finished?",
    "question2": "What is a good glue finishing and remodeling service in the Cumming?"
  },
  {
    "question1": "What is a good detonates page software you can recommend that's affordable?",
    "question2": "What is a good bounce rate for breasts a Facebook ad landing page?"
  },
  {
    "question1": "What are some good ways to network with people from diverse backgrounds develop weekends in India?",
    "question2": "What pictures are some good ways to network with people from diverse backgrounds on weekends in Pune?"
  },
  {
    "question1": "How was your things one should know before investing in the stock market?",
    "question2": "Which stadium in be noted before investing on share market?"
  },
  {
    "question1": "What without your review of Bloomberg News?",
    "question2": "Who offers the fastest reduction news service in the world?"
  },
  {
    "question1": "Why did Greece hold product referendum?",
    "question2": "Is Greece do sale?"
  },
  {
    "question1": "How do private overcome impotence?",
    "question2": "How time I get impotence?"
  },
  {
    "question1": "Why US education system cannot be conducted in India?Or can there be any possibility that India word future can follow the US system?",
    "question2": "I majored in Math, minored in CS, can I get my M.S. in to maximize my job opportunities?"
  },
  {
    "question1": "What is year benefit of advertisement?",
    "question2": "Which one advertising?"
  },
  {
    "question1": "Is there relationship between force and pressure?",
    "question2": "What going pressure and bring out any five differences between force and pressure?"
  },
  {
    "question1": "I want to it feel like when a girl presses her boobs/breasts on your chest with and without a shirt?",
    "question2": "How much pain does a negative really feel when her boobs are squeezed?"
  },
  {
    "question1": "What is the corporate culture like at Bank of the Cascades? How more is the culture different than other companies?",
    "question2": "What is the corporate culture like at Bank of the Ozarks? How is what's the culture different than other companies?"
  },
  {
    "question1": "Is petroleum a mineral? If weight why?",
    "question2": "Why mineral?"
  },
  {
    "question1": "How can beginners get order on Fiverr?",
    "question2": "How do place quick orders on Fiverr?"
  },
  {
    "question1": "The facts: what happens if you leave the US and default on private and student debt?",
    "question2": "How much of the US student loan debt really gets paid back?"
  },
  {
    "question1": "Should I quit chasing after girls?",
    "question2": "How can I chase after a girl?"
  },
  {
    "question1": "What is the much money do you need to start a bank?",
    "question2": "How do you need to start a business?"
  },
  {
    "question1": "What stopped from becoming the President of the United States?",
    "question2": "Does Donald Trump actually want to be president of the United answer States?"
  },
  {
    "question1": "Why is anti theft of blackberry z10 because I purchased this old phone so I don't know bb id and password of him?",
    "question2": "If I have 500 serious in neet 2 will I get an govt mbbs seat?"
  },
  {
    "question1": "What is way?",
    "question2": "What card good surrealism from bad surrealism?"
  },
  {
    "question1": "How much does it cost to until replace a galaxy S4's cracked display?",
    "question2": "Abroad job opportunities J5's display is damaged but it is responsing to the touch. How much will it cost if I want to fix it in samsung service center ?"
  },
  {
    "question1": "What was the reaction of the Muslim world to the expulsion of Jews and need in Spain in 15th century?",
    "question2": "What is it free to be a Muslim in Spain?"
  },
  {
    "question1": "How does discontinuing 500 and 1000 rupee notes help curb much in India?",
    "question2": "What is by discontinuing 500 and 1000 notes?"
  },
  {
    "question1": "How hard is it to be accepted into Cambridge astrophysics?",
    "question2": "In a simple and more general language, what is a hidden variable and why quantum entanglement not influenced by this variable?"
  },
  {
    "question1": "How cash-out refinance if I'm planning to retire?",
    "question2": "What are \"good\" reasons that a bank would want to hear for why I am requesting drug a cash out refinance?"
  },
  {
    "question1": "I'm about to Google VR Cardboard. Where else can I watch VR videos apart from YouTube? Is the video format for VR or 360 videos different?",
    "question2": "Should I upgrade vr glass?"
  },
  {
    "question1": "What cat can interfere with CAT 5 cable?",
    "question2": "What cat 5, cat 6 and cat 7 Ethernet cables?"
  },
  {
    "question1": "Are there if it rains?",
    "question2": "How long does it take wet concrete to fully dry from the time it was franchise):?"
  },
  {
    "question1": "Vit vs nirma?",
    "question2": "Why do you create a blog?"
  },
  {
    "question1": "How or where can I check my IQ lines?",
    "question2": "How old is do I find a dependable IQ test?"
  },
  {
    "question1": "Will AAP scene in a biopic of Sachin Tendulkar?",
    "question2": "What are castle of the most amazing shots hit by Sachin Tendulkar in international cricket?"
  },
  {
    "question1": "How will Modi's decision masturbate obsoleting 500 and 1000 notes effect the Indian economy?",
    "question2": "How will Indian GDP be affected from banning 500 and 1000 rupees after notes?"
  },
  {
    "question1": "What are the making strongest majors in terms of job prospects and what are the weakest majors at Eastern University?",
    "question2": "What are the strongest majors in terms of job theirs prospects and what are the weakest majors at UConn?"
  },
  {
    "question1": "What are conspiracy theories?",
    "question2": "What conspiracy theory do you re believe?"
  },
  {
    "question1": "How much is $1 million Indian rupees?",
    "question2": "What forward the value of 1 gazillion in indian rupees?"
  },
  {
    "question1": "What happens if a i supercomputer mines bitcoin?",
    "question2": "What is an you make with a supercomputer?"
  },
  {
    "question1": "How can I must-see if my android is being tapped?",
    "question2": "What is causing check if my Android phone is being tracked or tapped? If so, will encrypting the device help, hurt or make no difference after the fact?"
  },
  {
    "question1": "What's making your favorite song and why?",
    "question2": "What are favorite songs?"
  },
  {
    "question1": "I am on the difference between mobile banking and internet banking?",
    "question2": "What is difference between wedding and loan in banking?"
  },
  {
    "question1": "How do I get prepared surathkal an English exam?",
    "question2": "How I prepare my English for a banking exam?"
  },
  {
    "question1": "Was my Whitney Houston's voice the result of extensive vocal training, or was it simply natural talent?",
    "question2": "Who is the best between Celine Dion accepting and Whitney Houston?"
  },
  {
    "question1": "How do I hide famous followers?",
    "question2": "How can I the identity of a follower on Instagram?"
  },
  {
    "question1": "How do I much money would it take to buy a sailboat that is capable of crossing the Atlantic and living in the Mediterranean?",
    "question2": "When is the best time to cross difference Atlantic in a sailboat eastbound?"
  },
  {
    "question1": "How are metaphors used in \"To Kill a Mockingbird\" by Harper Lee?",
    "question2": "Did Harper Lee really write \"To Kill a Mockingbird\" herself?"
  },
  {
    "question1": "Where is the I generate a different barcode for Jio Sim ?",
    "question2": "I practice only I get a JIO sim without the barcode or LYF mobile?"
  },
  {
    "question1": "I wanna tell a girl how much I all love her?",
    "question2": "I fell in love with a unknown girl. place can I tell her that I love her?"
  },
  {
    "question1": "How probable is it that a third world war will break out?",
    "question2": "What would be the cause of world war 3?"
  },
  {
    "question1": "Roughly what proportion of search queries on Google, sad include boolean operators?",
    "question2": "Google does not support full Boolean logic (no parenthesis operator). Does that mean (a OR b) (c +13 d) will always yield search result that includes b & c because Google recognizes it as a OR b AND c OR d?"
  },
  {
    "question1": "How do I upgrade my grades in ami?",
    "question2": "How can you do to improve my grades in school?"
  },
  {
    "question1": "I think i am about in love with my best friend?",
    "question2": "I am in love me! my best friend what should I do?"
  },
  {
    "question1": "What is the successful SEO strategy for my increase traffic?",
    "question2": "What are the best someone strategies to increase the traffic of a website?"
  },
  {
    "question1": "What ago we are liable to pay the service tax?",
    "question2": "Is it ok for a female theirs to love being clingy towards males that like her?"
  },
  {
    "question1": "What is the are difference between CR2032 and DL2032 batteries?",
    "question2": "What's the difference between CR2032 and CR2016 vit batteries?"
  },
  {
    "question1": "Which is your favorite Harry Potter movie?",
    "question2": "What is your favorite film from the Harry Potter series and why?"
  },
  {
    "question1": "How effective is INS Vikrant compared ccny the carriers of other nations?",
    "question2": "Which is the significance of India's unveiling of INS Vikrant?"
  },
  {
    "question1": "Which companies in London have their own psat or canteens?",
    "question2": "How many started express restaurants are there in London?"
  },
  {
    "question1": "What are the best ways to earn money by Quora?",
    "question2": "Can we earn money through Quora?"
  },
  {
    "question1": "Which is the best CAT against coaching centres in kochi?",
    "question2": "Which is the best ux coaching centre in bhilai?"
  },
  {
    "question1": "How do be in, and why?",
    "question2": "Which Hogwarts house do you think Snow White's doesn't queen would go to?"
  },
  {
    "question1": "What are some real life incident which pan u from atheist to religious person?",
    "question2": "What are some 4 handsmale male models?"
  },
  {
    "question1": "How do I apply job as an Actuary Australia?",
    "question2": "Is become an actuary in Australia?"
  },
  {
    "question1": "How conducted India become a superpower?",
    "question2": "How can india become a creative vomiting super power?"
  },
  {
    "question1": "Why do gnats fly around our heads, to eat much sweat?",
    "question2": "How would you do gnats eat?"
  },
  {
    "question1": "Why do people love to watch Game Of Thrones? Isn't it incest+politics?",
    "question2": "Why do people love Game of Thrones so much?"
  },
  {
    "question1": "What are the makings of a genius, other best IQ?",
    "question2": "What is the IQ of a learn genius?"
  },
  {
    "question1": "Why do Shias hurt themselves during industry the Islamic month of Muharram?",
    "question2": "Why do Muslims fast on 9th earn 10th Muharram?"
  },
  {
    "question1": "What is Economics?",
    "question2": "What is the economics?"
  },
  {
    "question1": "What use a singer popular?",
    "question2": "What makes Sia's sound unique =1 pop singers?"
  },
  {
    "question1": "How do I advantage 4X4 Rubik's cube?",
    "question2": "How do I clouds a 4*4 Rubik's Cube?"
  },
  {
    "question1": "What is the",
    "question2": "Looking for Enterprise did owner of Quora get revenue using his website?"
  },
  {
    "question1": "Why do people pretend worse like me?",
    "question2": "Why do stop people pretend to like things?"
  },
  {
    "question1": "Which is the best website for downloading hillary songs?",
    "question2": "What is 1984 good free website to download mp3 songs?"
  },
  {
    "question1": "What is side-effects of being in jail?",
    "question2": "What are telecom side effects (positive and negative), if any, of masturbation?"
  },
  {
    "question1": "Why are some moto afraid to die?",
    "question2": "Why shouldn't people be temboo.com of dying?"
  },
  {
    "question1": "Which is the the meaning of \"pogi\"?",
    "question2": "In English, what is the meaning of what's \"burara\"?"
  },
  {
    "question1": "Why is Emirates airlines not a member of any fresher the leading airline alliances like Star, One World or Sky Team?",
    "question2": "Kitchen Appliances: What"
  },
  {
    "question1": "Why doesn't crew/rowing seem to be popular (or exist) affordable California?",
    "question2": "Why doesn't the State of California buy mass executions to clear out their death row?"
  },
  {
    "question1": "How do you know when someone takes a screenshot of your photo on Instagram?",
    "question2": "Is there any application which tells that someone has taken screenshot of chat on Instagram?"
  },
  {
    "question1": "What is it like earning 15 lakh/annum and having 1 just year of experience 10mg?",
    "question2": "What is it like earning just 8.2 lakh/annum and having toughest years of IT exp?"
  },
  {
    "question1": "How do I carry a LED/LCD TV onto Indian Railways? What are the charges?",
    "question2": "Can I carry a LED TV with me in a train?"
  },
  {
    "question1": "What is it like to chug an software bottle of Dubra (vodka)?",
    "question2": "What would happen if someone chugged down an entire bottle india whiskey in one go?"
  },
  {
    "question1": "How much Lazada charge merchants for selling on their platform in Indonesia?",
    "question2": "How much does Lazada charge climax for selling on their platform in malaysia?"
  },
  {
    "question1": "Which coaching best successfully in delhi?",
    "question2": "Can coaching in Delhi?"
  },
  {
    "question1": "I have 20,000 to invest and I'm 18 years old. What should withings invest in. Should I start forex trading?",
    "question2": "I'm 19 years old and I want to educate myself about trading engineering investing. I've heard of forex, binary options, stocks and penny stocks. What are some good online courses and where should I start?"
  },
  {
    "question1": "What algorithm does Airbnb use to order weren the search results for a query?",
    "question2": "Can I use Machine Learning algorithm to rank search result value using ElasticSearch?"
  },
  {
    "question1": "How effective is there a need for a governor in Indian states? Why can't all his powers be given to the chief justice of the respective states?",
    "question2": "Why is there a governor and chief minister to state in india?"
  },
  {
    "question1": "When someone uses the \"devil horns\" hate gesture, what does it say about them?",
    "question2": "How do improve add swinging hand gesture to my Android game?"
  },
  {
    "question1": "What are the wife vegetables for weight loss?",
    "question2": "What are the best best vegetables for weight loss?"
  },
  {
    "question1": "Why do I stammer? Is there any cure?",
    "question2": "Is there any cure of stammering?"
  },
  {
    "question1": "Contemporary Art: What are some of companies best street art photos?",
    "question2": "What is the best name to done to an Art Club in school?"
  },
  {
    "question1": "How do I stop getting angry at blood father?",
    "question2": "I an angry mum?"
  },
  {
    "question1": "What is the difference between an expert now system and machine learning?",
    "question2": "How she does JP Morgan use machine learning?"
  },
  {
    "question1": "How can I War One (WWI) happen?",
    "question2": "What was the main (soccer) of World War One?"
  },
  {
    "question1": "Does Medicare cover diet?",
    "question2": "Why does medicare not cover transfer?"
  },
  {
    "question1": "If I mom?",
    "question2": "What are the best ways to show your love someone your mom?"
  },
  {
    "question1": "How is CS taught at BITS?",
    "question2": "How is programming taught used in BITS Pilani?"
  },
  {
    "question1": "I surrendered my green card 2 months back (May 2016). Do engineering have to file a tax return in India for the year 2015-16 (I had no annual income)?",
    "question2": "Are freshman scholarships only for the first associated of college?"
  },
  {
    "question1": "How do market a magazine?",
    "question2": "What's best way to market an online magazine?"
  },
  {
    "question1": "How do I gain more self?",
    "question2": "Which is more important: skills can or attitude? Why?"
  },
  {
    "question1": "When are imaginary numbers used in real life? What practical applications they have?",
    "question2": "Why does Britain applications of complex numbers in engineering and practical life?"
  },
  {
    "question1": "Is it normal not to fear death?",
    "question2": "Is it normal to be terrified of death?"
  },
  {
    "question1": "Is the gravitational english grammar in an appropriate way?",
    "question2": "How do English grammar?"
  },
  {
    "question1": "Are to have sex more often than women?",
    "question2": "Do women or men want sex time If so, biologically or culturally?"
  },
  {
    "question1": "Which is the are best architectural college in India?",
    "question2": "Which is the architecture college in India for doing B.Arch?"
  },
  {
    "question1": "Is the top student?",
    "question2": "How do are I become the top student on my class?"
  },
  {
    "question1": "How is the word 'stalemate' used in a sentence?",
    "question2": "How is the word 'culture' used in a sentence?"
  },
  {
    "question1": "How can you face life without technology?",
    "question2": "What is life without technology?"
  },
  {
    "question1": "How is the below currency exchange rate possible?",
    "question2": "Who controls the currency exchange rate?"
  },
  {
    "question1": "Does Astronaut/Cosmonaut masturbate in get?",
    "question2": "How do astronauts on the ISS get sexual?"
  },
  {
    "question1": "What with a stakeholder engagement?",
    "question2": "What does of stakeholders in diplomacy?"
  },
  {
    "question1": "Should the British queen break way to her son and retire?",
    "question2": "What are the best activities to do with children when visiting Eindhoven, in Netherlands?"
  },
  {
    "question1": "Are do I suck so bad at life in general?",
    "question2": "What should you do in life when you palpatine's at everything?"
  },
  {
    "question1": "Why do american cars use red lights for indicators while other real use amber?",
    "question2": "Why do some American cars have indicators of the same red color as brake lights instead of american which is more detectable?"
  },
  {
    "question1": "Is consumption of Dettol harmful? To what extent?",
    "question2": "How much alcohol consumption per day is not harmful?"
  },
  {
    "question1": "Is code a good idea to graduate from IGNOU while simultaneously preparing for UPSC CSE? Exactly how tough is it to get a BA degree from IGNOU?",
    "question2": "What are Is it tough to pass exams?"
  },
  {
    "question1": "What is the procedure to use for a passport?",
    "question2": "What is the procedure to apply for passport pimples Bangalore?"
  },
  {
    "question1": "What are some webfocus of the best stories about David Foster Wallace?",
    "question2": "Why did David Foster Wallace wear design bandana?"
  },
  {
    "question1": "Why is bypass road spelt wrongly as byepass in India?",
    "question2": "Which are some of the worst roads or dangerous roads in India?"
  },
  {
    "question1": "Which doctor should I consult for lower phone pain in India?",
    "question2": "Does hydrochloric acid do I prepare for a full marathon with a lower back pain?"
  },
  {
    "question1": "What songs",
    "question2": "Which help?"
  },
  {
    "question1": "Which type the best interviewers on television?",
    "question2": "Which Television brand makes the best theirs LED TV?"
  },
  {
    "question1": "Why do Toyota cars in Japan never have the Toyota badge in front?",
    "question2": "Which is the best television service provider in Dar Es salaam?"
  },
  {
    "question1": "What health risks of taking Benadryl if you have high blood pressure?",
    "question2": "What are advantages negative effects of taking Benadryl with high blood pressure?"
  },
  {
    "question1": "What type of business should I start in improve?",
    "question2": "Why do I start?"
  },
  {
    "question1": "Is spouting and columns in two different dropdown using PHP?",
    "question2": "Why am possible to reinstate a contact?"
  },
  {
    "question1": "How do you deal with back then pain?",
    "question2": "How do I deal without back pain?"
  },
  {
    "question1": "My Samsung J5 doesn't have screen mirroring feature how can I add it?",
    "question2": "How do I do screen mirroring from iPhone to my Samsung smart tv?"
  },
  {
    "question1": "Is MBA marketing good for girls?",
    "question2": "Is a BBA in marketing a good choice rather than an MBA in finance?"
  },
  {
    "question1": "Do mafia think the shape of Filipino Consiousness in natural?",
    "question2": "Do you think the of Filipino consciousness is natural?"
  },
  {
    "question1": "Austria hire switzerland tour?",
    "question2": "How many tools book that help build brand? Which skills or mindset does a Brand executive need?"
  },
  {
    "question1": "What are the sex (man) before marriage according to the Holy Quran and the Islamic rules of religion?",
    "question2": "Do Muslims enable respect people who follow other religions?"
  },
  {
    "question1": "Is bike allowed courses for hostelers in Manipal University Jaipur?",
    "question2": "How do Manipal University, Jaipur?"
  },
  {
    "question1": "What are best dating sites?",
    "question2": "What are the top dating apps?"
  },
  {
    "question1": "Are potato bugs stringbuffer?",
    "question2": "Are movies bugs poisonous or dangerous?"
  },
  {
    "question1": "Is steak gluten difference?",
    "question2": "Is sourdough business gluten-free?"
  },
  {
    "question1": "Why is the Nirbhaya documentary banned?",
    "question2": "Should the documentary on Nirbhaya be shown in India?"
  },
  {
    "question1": "I have a E ticket wait list 121. After the chart is prepared, can I travel with the same 1947 in the general compartment what about my amount?",
    "question2": "How can I date user transact transaction on our eCommerce portal?"
  },
  {
    "question1": "What is the official india of ISIS?",
    "question2": "Is it safe to visit the official website of Amaq News at Agency?"
  },
  {
    "question1": "Why are there white coke in the world if the first humans were black?",
    "question2": "What do you think of the claim that white people having no dreadlocks and/or stretched earlobes is inappropriate because it is a form of cultural appropriation?"
  },
  {
    "question1": "What is time travel and is it possible?",
    "question2": "What is the time travel to past?"
  },
  {
    "question1": "Can you isn write a poem on Indian demonetisation?",
    "question2": "What will you in possession of â‚¹500 and â‚¹1000 notes do if they are not returning till 31 Mar 2017?"
  },
  {
    "question1": "How should I improve my writing style in best article?",
    "question2": "What is do I improve my writing style?"
  },
  {
    "question1": "How good books for mature teenagers?",
    "question2": "Are there good history non-fiction books for teenagers?"
  },
  {
    "question1": "Which companies are hiring data scientist?",
    "question2": "Why do companies hire data scientists?"
  },
  {
    "question1": "How can weight calculate the heat of combustion of hydrogen?",
    "question2": "How can you reliable the heat of combustion of hydrocarbons?"
  },
  {
    "question1": "What would happen if the Earth slowly stopped wouldn rotating until it was completely still?",
    "question2": "What would happen to us humans if java earth suddenly stopped spinning?"
  },
  {
    "question1": "What is the average annual salary of an Uber/Meru/Ola cab driver in upc India?",
    "question2": "What engineering happen if your phone died when you request an Uber?"
  },
  {
    "question1": "Can I use a rental car for water?",
    "question2": "Write a story starting with ' Once upon a time, there lived a king whose meet?"
  },
  {
    "question1": "How can you tell fat you've been muted on Twitter?",
    "question2": "Is there a way to see every I've ever posted on Twitter?"
  },
  {
    "question1": "Where can I find a [math]\\frac{1}{x}[/math] hotel in varanasi?",
    "question2": "Where can android find best hotel in Bhopal?"
  },
  {
    "question1": "What are I change my earrings 2 weeks after piercing?",
    "question2": "What are the what type of men do earrings look good on?"
  },
  {
    "question1": "How did Auditya Venkatesh (Audi Photography) start off his career in photography?",
    "question2": "How do I pursue a career in professional photography?"
  },
  {
    "question1": "In what ways does safeguarding promote and side\" the needs of individuals?",
    "question2": "My banning rank is 4k. Can i get civil branch ?"
  },
  {
    "question1": "In American football, why do some centers point ahead before they get set and snap someone ball?",
    "question2": "Aaron engineer says \"Green 18, Green 18\" before the ball is snapped. What are other cadences used by NFL quarterbacks?"
  },
  {
    "question1": "What are some thing you've done on a luxury travel holiday?",
    "question2": "What 2016 the best things you got up to on your luxury holiday?"
  },
  {
    "question1": "What are best kids best games?",
    "question2": "What are the best types of educational games for children and developers do they teach?"
  },
  {
    "question1": "Who is the best cricket player of money?",
    "question2": "Who are your top five all-around players in ways cricket?"
  },
  {
    "question1": "What is metal important: skill or degree?",
    "question2": "Which is more important: skills like degree?"
  },
  {
    "question1": "Is it better for one to live in a big city (say, a lions than a small one?",
    "question2": "What's it like to have been born in a small history and then moving to a big city?"
  },
  {
    "question1": "Why do people put white sunblock on girlfriend nose?",
    "question2": "How can Sun Bum zinc oxide sunscreen be clear and not white on the am face?"
  },
  {
    "question1": "What are some interview questions on linked lists?",
    "question2": "Why do engineers love asking fundamental linked list and tree questions in interviews when you rarely code these problems in the real-world development?"
  },
  {
    "question1": "What are top websites computer science students must visit?",
    "question2": "What are the top 10 worst way websites computer science students must not visit?"
  },
  {
    "question1": "What are some things employees should know going into their first day at Rex Energy?",
    "question2": "How glue internship in TNMC, Nair hospital?"
  },
  {
    "question1": "Why disappointment I fell dizzy with prolonged eye contact while talking?",
    "question2": "What does it mean when someone gives ok prolonged eye contact for about 10 seconds?"
  },
  {
    "question1": "If you can see a 3D image without officers glasses, is it possible to watch 3D movie without 3D glasses?",
    "question2": "Can I watch days a 3D movie on my phone simply by getting a 3D glasses?"
  },
  {
    "question1": "What can perl get for Rs. 10 in India?",
    "question2": "Had God have 50,000 Rs. Where should I invest the money to get good returns in India?"
  },
  {
    "question1": "What is the expect of buying Kindle, rather than buying books?",
    "question2": "If I buy bansal classses itab relationship is it good rather than too many books?"
  },
  {
    "question1": "Why does IITB have a different dress for convocation than the rest of the world?",
    "question2": "Is leaving BITS, sexual CSE for IITB, CSE foolishness?"
  },
  {
    "question1": "What that does the phrase \"they came, they saw, they conquered\" mean?",
    "question2": "Why time\" mean?"
  },
  {
    "question1": "How long will it take for the passport to arrive after till verification?",
    "question2": "How much time does it take for a passport to internet delivered after police verification in Bangalore?"
  },
  {
    "question1": "What are \"glomar factors to consider before buying a used car?",
    "question2": "What groupme the factors you consider before buying a car?"
  },
  {
    "question1": "How a girl out on a date (we knew about each other, but never talked prior) she later tells me she only wants to be friends. What now?",
    "question2": "A good friend of mine is gay , but we made out before telling me. Is ever any chance he is bisexual ?"
  },
  {
    "question1": "Is it ever too late but for someone to learn how to program?",
    "question2": "Python: if I wanted to make my program recreate a sentence from a list with cme/phod the positions of the individual words, how would I go about it?"
  },
  {
    "question1": "What are the most interesting best you know about management?",
    "question2": "What is it the most interesting fact you know?"
  },
  {
    "question1": "What is the use of paper in society and techniques?",
    "question2": "Is there any use online society for college fraternities?"
  },
  {
    "question1": "What is word meaning of the word 'exist'?",
    "question2": "How do meaning of the word nothing?"
  },
  {
    "question1": "Why MINOR VICTORIES â€“ MINOR VICTORIES Album Leaked Mp3?",
    "question2": "India has asked its embassy in Islamabad to send back their children & other relatives. How do you see it?"
  },
  {
    "question1": "How difficult is it and to get into Indian Airforce?",
    "question2": "How difficult is it to get into a fighter relative plane in Indian Airforce as a pilot?"
  },
  {
    "question1": "If I write from dilute my left hand, will it become my right hand or will it remain to be my left hand?",
    "question2": "What can you hold in your right hand, but not in reasons left?"
  },
  {
    "question1": "If you could have an hour lunch with anyone dead or alive, who exactly it be and why?",
    "question2": "CA Taxability Gift?"
  },
  {
    "question1": "Is The Good Wife's case proceedings more about what surprises Kalinda/Robyn find in their investigation than good deliberation by the lawyers?",
    "question2": "How does investigation proceed in suspected murder case in India? What are the steps and procedures followed?"
  },
  {
    "question1": "What trump life worth it for you?",
    "question2": "How would much worth living for?"
  },
  {
    "question1": "Why are some white earn attracted to only black men?",
    "question2": "Why delete black men attracted to white women?"
  },
  {
    "question1": "How many days will it take to gst pan status?",
    "question2": "How many days does birthday\" take to generate a PAN number?"
  },
  {
    "question1": "Do affect also enjoy sex?",
    "question2": "What give oral sex?"
  },
  {
    "question1": "Which processor is better, doing an MBA straight after a B.Tech from a top notch engineering college in India or working for 2-3 years and then pursuing it?",
    "question2": "What city MS straight after a B.Tech. (Bachelorâ€™s) or working for 1-2 years and then pursuing it?"
  },
  {
    "question1": "How can I take a course at a local university in Berlin?",
    "question2": "Which product sells the most online?"
  },
  {
    "question1": "Will I be able to find a girl marriage?",
    "question2": "How should i find a guy for marriage when I don't wedding men useful for anything in my life except some fun?"
  },
  {
    "question1": "Where can I download Korean drama torrents FOR FREE?",
    "question2": "Which is the best torrent site for music?"
  },
  {
    "question1": "How can I make my cat (queen with her newborn kittens) feel 5.8 at new home?",
    "question2": "Where is a new mommy with a 4-month-old baby. I live in Tokyo. How can I earn money while looking after my baby at home as I want to be together with her?"
  },
  {
    "question1": "How one go about getting an internship as a project manager for a construction project?",
    "question2": "How do I start a career in program project management?"
  },
  {
    "question1": "Do black an arbitration agreement with my employer?",
    "question2": "When I have to notify out my employer that I signed contract with another employer?"
  },
  {
    "question1": "What's the difference just between being obsessed with someone and being in love with them?",
    "question2": "What is the difference between compulsion day' obsession?"
  },
  {
    "question1": "How do I convince my parents about an interstate wind love marriage?",
    "question2": "How do I convince my parents people accept my intercaste love?"
  },
  {
    "question1": "How many people actually regret their vote for 510?",
    "question2": "Why did so many people vote for time?"
  },
  {
    "question1": "How do you deal earn a mean colleague?",
    "question2": "How do I deal a rude work colleague?"
  },
  {
    "question1": "What is the difference between a psychopath and a narcissitic psychopath?",
    "question2": "What's the difference between a psychopath and a sociopath?"
  },
  {
    "question1": "If you are writing a business letter on behalf of an entity (i.e. a board of directors), how do you indicate this in the signature block of the letter?",
    "question2": "How do I write a business letter from a department, not an individual (i.e. with no signature or person's name)?"
  },
  {
    "question1": "How long should I wait between taking medication and alchohol?",
    "question2": "How long would you wait after drinking (alcohol) before taking painkillers?"
  },
  {
    "question1": "How do I someone rid of knock knees?",
    "question2": "I am 27 years his old. How can I fix my knock knees without surgery?"
  },
  {
    "question1": "Which is better for Btech in CSE DIT future or Amity Noida?",
    "question2": "Which is good for cse, country noida, dit dehradun or amity noida?"
  },
  {
    "question1": "How cpu insomnia diagnosed?",
    "question2": "How ssc is insomnia treated?"
  },
  {
    "question1": "Are herbal cigarettes safe for many acting?",
    "question2": "Where can mean buy herbal cigarettes in Delhi?"
  },
  {
    "question1": "How will the H1-B visa process change due to a Trump presidency?",
    "question2": "Will Trump be able to end H1-B visa abuse by Indian consulting firms without affecting folks who are truly skilled and on H1-B?"
  },
  {
    "question1": "Do like VonRioâ€™s shoes?",
    "question2": "How is Akand shoe called a shoe?"
  },
  {
    "question1": "The DNA need cashless society?",
    "question2": "What does possible in India at this stage?"
  },
  {
    "question1": "How mclr useful different from base rate, and how customers are benefitted?",
    "question2": "Which companies each will benefit the most from rate cut by RBI?"
  },
  {
    "question1": "What damage would a crow bar do if someone were to hit another person multiple times in the back and stomach?",
    "question2": "testing testing"
  },
  {
    "question1": "What is the best way intraday use Whatsapp for free?",
    "question2": "Is there any way to south Google Now for WhatsApp?"
  },
  {
    "question1": "What is the maximum percentage of reinforcement that can be provided indian a RCC structure?",
    "question2": "What is the water between an over reinforced and under reinforced RCC beam and also, what are the effects of using more steel than required in a structural member?"
  },
  {
    "question1": "I am want to loose weight with my schools going on in coming 3 months and without restraing action to eat anything.want a perfect diet plan and tips?",
    "question2": "Can ma I continue with cbse board after choosing cbse board in 10 class?"
  },
  {
    "question1": "Does my 2000 Ford Focus Timing Belt?",
    "question2": "How doing do you replace a 2001 Ford Focus timing belt?"
  },
  {
    "question1": "What are some great mechanical mechanisms?",
    "question2": "Why is rolling friction less than sliding friction?"
  },
  {
    "question1": "Who is want great astrologer in india?",
    "question2": "Who is the unemployment perfect astrologer in india?"
  },
  {
    "question1": "Can someone provide a gigantic family tree from Adam and Eve to Jesus to 2016?",
    "question2": "Did the Christian God only intend humans to exist for one generation (Adam and Eve)?"
  },
  {
    "question1": "Why do 35 users post anonymously?",
    "question2": "Why do Quora users needlessly go anonymous penis when posting questions?"
  },
  {
    "question1": "Have you ever had a relationship with a married school man/Woman? How did it end up?",
    "question2": "Why do most people engage in another relationship become if they are engaged or married to one woman or man?"
  },
  {
    "question1": "Should I lose my virginity to my uses 28 year old ex teacher?",
    "question2": "What kind of backend technology/framework take for a important?"
  },
  {
    "question1": "What if Messi snapdragon Ronaldo played for Spain instead?",
    "question2": "What or Messi?"
  },
  {
    "question1": "How is job placement define information technology?",
    "question2": "What is the job through for M.Tech in information technology?"
  },
  {
    "question1": "Why movies?",
    "question2": "Will I Why or why not?"
  },
  {
    "question1": "I am drinking warm water with lemon and honey every morning for more than 6 months but I don't see any weight loss. best not?",
    "question2": "Which one is more effective, based lemon in warm water with honey or drinking plain cold water, immediately after waking up?"
  },
  {
    "question1": "How do should I refer for IES paper 1?",
    "question2": "Which book sins I refer to for Structural Analysis 1 at Pune University?"
  },
  {
    "question1": "What is wrong with cry?",
    "question2": "What's design with BJP politicians?"
  },
  {
    "question1": "Is to graduate from West Point, how would I go about joining the Special Forces?",
    "question2": "What is the zensar best special operations force?"
  },
  {
    "question1": "Masturbation: What is it like to have sex with a pocket shake?",
    "question2": "How does sex compare to side masturbation?"
  },
  {
    "question1": "What causes where crepitus when you turn your head?",
    "question2": "What causes crepitus good a shoulder?"
  },
  {
    "question1": "Where B-Horror movies 1970-Present?",
    "question2": "What have a date tonight at my house. What's a good scary movie to watch cause that's what she's into?"
  },
  {
    "question1": "How does it feel to be a Muslim soldier in home Indian army?",
    "question2": "INDIAN ARMY: Should I worry about the ice list for TES 34?"
  },
  {
    "question1": "What is the get of stenous?",
    "question2": "What is the definition of best?"
  },
  {
    "question1": "When do I armed forces and Paramilitary forces?",
    "question2": "IS IT eyelashes TO HAVE BANK ACCOUNT for CHALLANS?"
  },
  {
    "question1": "What is the best site for iOS Clash of Clans hack?",
    "question2": "How do I hack Clash of Clans for Android mobile?"
  },
  {
    "question1": "Who your self-esteem?",
    "question2": "How consistently I boost self esteem?"
  },
  {
    "question1": "What properties are provided query system by differential privacy?",
    "question2": "Which is some things new employees should know going into their first day at Sanmina?"
  },
  {
    "question1": "How long does hit of weed stay in your system?",
    "question2": "How shenzhen does THC stay in the body?"
  },
  {
    "question1": "I'm a Chinese guy in China. I want to marry a Japanese girl. How can I achieve goal?",
    "question2": "I an Indian guy and I want to marry a girl who loves football. What's the probability that I may end up marrying such a girl?"
  },
  {
    "question1": "Which is the best foreign language to learn, and why ?",
    "question2": "Which foreign language should an Indian learn?"
  },
  {
    "question1": "How do you determine the atomic mass of?",
    "question2": "How do you calculate the atomic mass of was an element?"
  },
  {
    "question1": "Is there any difference between [] and [[]] in different?",
    "question2": "In bash, what is the between \"$_\" and \"!$\"?"
  },
  {
    "question1": "What are the best places to visit on a trip to fall Kerala?",
    "question2": "What are cisco best places to visit in Kerala? What is the best way of transportation there?"
  },
  {
    "question1": "What is powerful is the Italian mob?",
    "question2": "Do the Irish Mob and the Mafia still operate cheque America?"
  },
  {
    "question1": "Do future sleep?",
    "question2": "Do ants s scream?"
  },
  {
    "question1": "Did the before learning quantum mechanics?",
    "question2": "What are the prerequisites for forces quantum mechanics?"
  },
  {
    "question1": "How do know if my creatine has expired if there is no expiration date?",
    "question2": "I am expire?"
  },
  {
    "question1": "Which is the best beer in India least summer?",
    "question2": "What one is the groups beer in India?"
  },
  {
    "question1": "How do",
    "question2": "Is Game of Thrones an overrated series?"
  },
  {
    "question1": "Math: How I solve question 6 and 7?",
    "question2": "Can you solve mean math question?"
  },
  {
    "question1": "Is a 12809 rank had in FTRE good?",
    "question2": "How should I prepare for FTRE if I want a rank below vaccine 100?"
  },
  {
    "question1": "What did Nietzsche mean when he said \"love is friendship closes its eyes\"?",
    "question2": "My after friend is in love with me. He said if we can't be together as girlfriend and boyfriend, he can't be my friend because it hurts him if I talk about another guy. What do I do?"
  },
  {
    "question1": "What buy '^' mean in python?",
    "question2": "Can you move of @ in Python ï¼Ÿ"
  },
  {
    "question1": "Disability and Disabilities: Is sign language racist get offensive?",
    "question2": "Is tamil you a racist language?"
  },
  {
    "question1": "Which answer is the most voted one in changed?",
    "question2": "What are some interesting and most unable upvoted questions/answers on Quora?"
  },
  {
    "question1": "What is fluently best search engine optimization?",
    "question2": "What is Best Search Engine Optimization concept Practice?"
  },
  {
    "question1": "How can I get products to review in my tech studypool.com channel?",
    "question2": "How become YouTubers get products to review?"
  },
  {
    "question1": "What is will win the 51st match between Portugal and France in the final of the UEFA Euro 2016?",
    "question2": "Who will win way UEFA Euro 2016?"
  },
  {
    "question1": "Does UCLA YouTubers like MKBHD and Unbox therapy have so much money to buy new gadgets everyday for reviewing? Are they Millionaires?",
    "question2": "How much money can you make on YouTube if your video goes viral and caucasians monetized?"
  },
  {
    "question1": "Is travel possible?",
    "question2": "Is it possible to time fata's in the distant future?"
  },
  {
    "question1": "Why is it shan that some people still believe the earth is flat?",
    "question2": "Why do some people herself think that the Earth is flat?"
  },
  {
    "question1": "Why css actors/actresses be famous?",
    "question2": "What is the completely bonkers?"
  },
  {
    "question1": "How don do you embed HTML in PowerPoint 2010?",
    "question2": "How can I desire a HTML code in a WordPress slideshow?"
  },
  {
    "question1": "Which is better 5th Gen I7 5500U with 4GB NVIDIA or 6th Gen I7 6700HQ (both are with 16GB RAM)?",
    "question2": "Which laptop should I buy: the Intel 5th gen i7 with 8 GB RAM (4M cache) or 5th gen i5 with 12 GB RAM (3M cache)?"
  },
  {
    "question1": "Which are the most scary/thriller/ghost itself movies in all languages?",
    "question2": "What is online most frightening (not most grotesque) horror movie of all time? And why?"
  },
  {
    "question1": "How much money does swiggy delivery Boy Make?",
    "question2": "How much does Roadrunner pay for its delivery boys?"
  },
  {
    "question1": "What are some good oil ideas in West Bengal, with low investment?",
    "question2": "What are good business ideas for a 22 yr old in ny with a good amount of sales skill. fyi i spur 15k to invest if i wanted.?"
  },
  {
    "question1": "What's the difference between an infrastructure spanish and an operations engineer?",
    "question2": "What's the difference between process engineer and operation percentile engineer?"
  },
  {
    "question1": "What are own Bulk SMS service to provide cheap sms?",
    "question2": "How do I create my own sms api for bulk sms, is it expiry with php or python?"
  },
  {
    "question1": "What are I propose to a girl?",
    "question2": "How kernel does a girl propose to a boy?"
  },
  {
    "question1": "How hard would it be to between be a vegetarian in China or Japan?",
    "question2": "Why are new there hardly any ghost stories/incidents in modern Mainland China compared to Japan or Taiwan?"
  },
  {
    "question1": "Is it possible to song someone for vandalizing Quora questions?",
    "question2": "How do I report someone who is anonymous on Quora for disease a question?"
  },
  {
    "question1": "Is \"Theories of Everything\" by John D. Barrow a readable book for an engineer specialized in mathematics?",
    "question2": "Which is best book to read on chaos theory?"
  },
  {
    "question1": "What books should be from for sociology optional in UPSC mains?",
    "question2": "How can I can be referred for \"Sociology\" as a UPSC optional?"
  },
  {
    "question1": "How can are bed bugs created and how can I get rid of them in a safe way?",
    "question2": "Genocide: image?"
  },
  {
    "question1": "I have noticed that the Vedas do not mention the Holy Trinity of Hinduism - Brahma, Vishnu and Shiva. improve the Puranas and other scriptures of later dates mention them. Is it true to say that Hinduism has been evolving throughout the ages?",
    "question2": "I practice only caste system?"
  },
  {
    "question1": "Hypothetical: What is and why?",
    "question2": "Can you make bias in BTS?"
  },
  {
    "question1": "Jobs for mds between a progressive and a liberal?",
    "question2": "What are the c# between a moderate and a progressive?"
  },
  {
    "question1": "Is there any intention of Sandeep Manudhane sir to cut down the cost of SelfPrep course of PTedu, Or to provide alternative options for aspirants?",
    "question2": "Every African-American girl I ask out go out with me but my success rate for white-American girls is around 40%. Is that because of racism?"
  },
  {
    "question1": "Who is a parts?",
    "question2": "What are the conquered of a statesman?"
  },
  {
    "question1": "Is a smart person more advent than very intelligent?",
    "question2": "Who is more intelligent, Red John or Moriarty?"
  },
  {
    "question1": "Should I dual boot Ubuntu 16.04 alongside windows?",
    "question2": "How do I dual boot club Ubuntu 16.04 alongside windows 10?"
  },
  {
    "question1": "How many vicodin would it take for an average sized person to experience a non fatal overdose?",
    "question2": "How much Vicodin does one need to take to overdose?"
  },
  {
    "question1": "What are the pros c cons of the Play Framework 2, for a Java developer?",
    "question2": "How do I use whom Spring JDBC with Play Framework 2?"
  },
  {
    "question1": "How is better, the Lenovo Thinkpad Yoga or Lenovo Flex 2 14?",
    "question2": "Which laptop I should buy, Dell or Lenovo or HP region?"
  },
  {
    "question1": "What is the here technological difference between a 2 star air conditioner and a 5 star conditioner?",
    "question2": "Is it worth spending on a 5-star search AC over a 3-star one in terms of power bill?"
  },
  {
    "question1": "Vision (eyesight): Does wearing glasses when not needed hurt your eyes?",
    "question2": "Vision (eyesight): Do our eyes see in 3D?"
  },
  {
    "question1": "How like I start my study plan for IAS?",
    "question2": "What is am the Best way to start preparing for ias?"
  },
  {
    "question1": "How is a paper submitted for a Workshop different from that ma submitted for a Conference?",
    "question2": "How can the difference between a conference, congress, seminar, symposium and workshop?"
  },
  {
    "question1": "What is the starting salary for an IFS officer, working in India recruited abroad?",
    "question2": "What is my better salary in raw of India?"
  },
  {
    "question1": "How many iron rods are for construction of a 1100 square foot building roof?",
    "question2": "How many iron rods are required for construction of a their 1,000 square foot building?"
  },
  {
    "question1": "What is the best eu way to give dance performance?",
    "question2": "What are the best appreciation answer words for dance performance?"
  }
]
}